問題番号,解答
119A1,a
119A2,a
119A3,d
119A4,e
119A5,b
119A6,a
119A7,e
119A8,e
119A9,d
119A10,a
119A11,b
119A12,ce
119A13,cd
119A14,de
119A15,a
119A16,d
119A17,c
119A18,b
119A19,d
119A20,a
119A21,a
119A22,c
119A23,b
119A24,e
119A25,e
119A26,a
119A27,e
119A28,e
119A29,d
119A30,c
119A31,d
119A32,d
119A33,c
119A34,b
119A35,a
119A36,e
119A37,b
119A38,d
119A39,e
119A40,a
119A41,b
119A42,e
119A43,b
119A44,e
119A45,c
119A46,d
119A47,b
119A48,e
119A49,d
119A50,c
119A51,e
119A52,d
119A53,c
119A54,d
119A55,a
119A56,a
119A57,c
119A58,c
119A59,a
119A60,a
119A61,b
119A62,e
119A63,d
119A64,b
119A65,c
119A66,d
119A67,e
119A68,b
119A69,e
119A70,ae
119A71,ae
119A72,ce
119A73,be
119A74,ab
119A75,600
119B1,a
119B2,e
119B3,a
119B4,b
119B5,e
119B6,e
119B7,e
119B8,e
119B9,a
119B10,a
119B11,e
119B12,b
119B13,d
119B14,a
119B15,e
119B16,c
119B17,e
119B18,d
119B19,d
119B20,c
119B21,e
119B22,a
119B23,b
119B24,b
119B25,b
119B26,a
119B27,d
119B28,d
119B29,e
119B30,c
119B31,a
119B32,b
119B33,e
119B34,e
119B35,a
119B36,b
119B37,c
119B38,e
119B39,e
119B40,a
119B41,b
119B42,c
119B43,b
119B44,d
119B45,e
119B46,e
119B47,b
119B48,e
119B49,b
119B50,b
119C1,b
119C2,d
119C3,e
119C4,d
119C5,b
119C6,d
119C7,e
119C8,d
119C9,c
119C10,d
119C11,e
119C12,e
119C13,b
119C14,e
119C15,e
119C16,a
119C17,d
119C18,a
119C19,d
119C20,c
119C21,e
119C22,e
119C23,d
119C24,e
119C25,c
119C26,e
119C27,a
119C28,e
119C29,e
119C30,d
119C31,e
119C32,be
119C33,be
119C34,ab
119C35,bde
119C36,d
119C37,d
119C38,e
119C39,a
119C40,c
119C41,c
119C42,a
119C43,b
119C44,b
119C45,a
119C46,a
119C47,d
119C48,c
119C49,d
119C50,c
119C51,e
119C52,d
119C53,a
119C54,c
119C55,e
119C56,b
119C57,e
119C58,ad
119C59,a
119C60,d
119C61,b
119C62,c
119C63,e
119C64,a
119C65,b
119C66,e
119C67,d
119C68,a
119C69,e
119C70,e
119C71,a
119C72,c
119C73,a
119C74,36
119C75,27
119D1,d
119D2,b
119D3,c
119D4,b
119D5,e
119D6,c
119D7,d
119D8,b
119D9,a
119D10,d
119D11,d
119D12,cd
119D13,ab
119D14,be
119D15,bcd
119D16,a
119D17,e
119D18,e
119D19,b
119D20,a
119D21,c
119D22,c
119D23,e
119D24,d
119D25,c
119D26,c
119D27,b
119D28,e
119D29,c
119D30,e
119D31,c
119D32,c
119D33,d
119D34,e
119D35,b
119D36,e
119D37,d
119D38,e
119D39,e
119D40,a
119D41,c
119D42,d
119D43,e
119D44,b
119D45,d
119D46,e
119D47,e
119D48,e
119D49,e
119D50,b
119D51,b
119D52,a
119D53,d
119D54,c
119D55,c
119D56,d
119D57,d
119D58,e
119D59,d
119D60,c
119D61,c
119D62,e
119D63,b
119D64,e
119D65,c
119D66,b
119D67,d
119D68,d
119D69,b
119D70,be
119D71,be
119D72,bc
119D73,bc
119D74,bc
119D75,abc
119E1,d
119E2,c
119E3,e
119E4,b
119E5,a
119E6,a
119E7,b
119E8,d
119E9,e
119E10,a
119E11,e
119E12,e
119E13,e
119E14,a
119E15,c
119E16,e
119E17,a
119E18,d
119E19,e
119E20,d
119E21,e
119E22,a
119E23,a
119E24,e
119E25,d
119E26,b
119E27,d
119E28,ac
119E29,b
119E30,b
119E31,e
119E32,d
119E33,c
119E34,e
119E35,d
119E36,e
119E37,c
119E38,c
119E39,e
119E40,b
119E41,a
119E42,e
119E43,c
119E44,e
119E45,e
119E46,e
119E47,e
119E48,e
119E49,e
119E50,c
119F1,a
119F2,a
119F3,d
119F4,a
119F5,e
119F6,e
119F7,a
119F8,a
119F9,b
119F10,b
119F11,e
119F12,d
119F13,c
119F14,c
119F15,d
119F16,b
119F17,b
119F18,c
119F19,c
119F20,b
119F21,e
119F22,b
119F23,e
119F24,e
119F25,a
119F26,a
119F27,a
119F28,bd
119F29,ab
119F30,ac
119F31,ad
119F32,ce
119F33,ae
119F34,bce
119F35,bde
119F36,d
119F37,b
119F38,e
119F39,c
119F40,a
119F41,c
119F42,c
119F43,a
119F44,e
119F45,d
119F46,a
119F47,c
119F48,e
119F49,d
119F50,c
119F51,c
119F52,a
119F53,a
119F54,d
119F55,d
119F56,be
119F57,bd
119F58,bc
119F59,bc
119F60,de
119F61,cd
119F62,c
119F63,a
119F64,e
119F65,c
119F66,cd
119F67,ce
119F68,c
119F69,d
119F70,b
119F71,e
119F72,b
119F73,e
119F74,d
119F75,40
